0,-0.0554993,0.975766,-0.0626805,0.996755,-0.0572084,0.0564952,-0.00380976,0.998727,-0.0149468,-0.047968,0.00458223,0.705827,0.11102,0.699609,-0.00546135,0.318035,0.330648,-0.888465,-0.0124461,0.654781,0.755557,-0.0196079,-0.00321394,0.189306,0.330316,0.924683,-0.00391087,0.254339,0.96012,-0.116009,-0.00488953,
0.1,-0.0572701,0.97617,-0.0619269,0.99647,-0.0577548,0.060135,-0.00786766,0.998807,-0.017786,-0.0451607,0.00287737,0.708051,0.102667,0.698578,-0.00533217,0.317812,0.336385,-0.886315,-0.0153466,0.655255,0.755261,-0.00979244,-0.00420622,0.189306,0.330316,0.924683,-0.00391087,0.254339,0.96012,-0.116009,-0.00488953,
0.2,-0.0590409,0.976573,-0.0611733,0.996185,-0.0583013,0.0637748,-0.0119256,0.998887,-0.0206251,-0.0423534,0.00117251,0.710275,0.094313,0.697547,-0.00520299,0.31759,0.342122,-0.884164,-0.0182471,0.655729,0.754964,2.3002e-05,-0.00519849,0.189306,0.330316,0.924683,-0.00391087,0.254339,0.96012,-0.116009,-0.00488953,
0.3,-0.0564508,0.975698,-0.0620519,0.995805,-0.0677377,0.0581393,-0.0149577,0.998793,-0.0115022,-0.0459972,0.00340212,0.713341,0.0870424,0.695323,-0.0045476,0.327888,0.369816,-0.868336,-0.0144188,0.650111,0.759285,0.0182024,-0.00612397,0.189306,0.330316,0.924683,-0.00391087,0.254339,0.96012,-0.116009,-0.00488953,
0.4,-0.0533155,0.974663,-0.0631344,0.995413,-0.0782855,0.0513445,-0.0178616,0.998678,-0.000883985,-0.0504473,0.00612354,0.716513,0.0799072,0.692951,-0.00382643,0.339502,0.400254,-0.850797,-0.00974941,0.643731,0.764184,0.0374273,-0.00704109,0.189306,0.330316,0.924683,-0.00391087,0.254339,0.96012,-0.116009,-0.00488953,
0.5,-0.0437626,0.971809,-0.0606901,0.995853,-0.0741986,0.0487647,-0.0178479,0.998811,-0.000152293,-0.0475574,0.00881187,0.718633,0.0663306,0.692025,-0.000410525,0.345063,0.441595,-0.826486,-0.00283966,0.632951,0.769178,0.0749786,-0.00633537,0.189306,0.330316,0.924683,-0.00391087,0.254339,0.96012,-0.116009,-0.00488953,
0.6,-0.032376,0.968435,-0.0572382,0.996532,-0.0659305,0.0473892,-0.0170006,0.999014,-0.00224532,-0.0425704,0.0114907,0.720452,0.0509138,0.691512,0.0037753,0.348895,0.486051,-0.800239,0.00471021,0.620914,0.774199,0.117766,-0.00516598,0.189306,0.330316,0.924683,-0.00391087,0.254339,0.96012,-0.116009,-0.00488953,
0.7,-0.0231708,0.965826,-0.0566595,0.997345,-0.0593661,0.0349001,-0.0141991,0.99877,-0.00355281,-0.0474153,0.00869067,0.72246,0.014072,0.689599,0.00912561,0.354855,0.5567,-0.743055,0.0109066,0.598052,0.773463,0.189854,-0.00266173,0.189306,0.330316,0.924683,-0.00391087,0.254339,0.96012,-0.116009,-0.00488953,
0.8,-0.0150563,0.9636,-0.0575175,0.998224,-0.0536536,0.0168543,-0.0104206,0.998302,-0.00446753,-0.0571762,0.00315113,0.724564,-0.0334822,0.686986,0.0150582,0.36188,0.640445,-0.670403,0.0164262,0.569779,0.769848,0.276593,0.000509938,0.189306,0.330316,0.924683,-0.00391087,0.254339,0.96012,-0.116009,-0.00488953,
0.9,-0.0069324,0.95928,-0.0581831,0.998629,-0.0465028,-0.00288692,-0.0106778,0.997704,-0.00334601,-0.0669699,0.000528328,0.727996,-0.0715888,0.68083,0.0210264,0.37828,0.713269,-0.577386,0.0201048,0.539757,0.761555,0.352008,0.0018803,0.189306,0.330316,0.924683,-0.00391087,0.254339,0.96012,-0.116009,-0.00488953,
1,0.00119912,0.953284,-0.0586949,0.998654,-0.0382012,-0.0239845,-0.0141636,0.997002,-0.000595493,-0.0767898,0.000238911,0.732491,-0.102138,0.67184,0.0270231,0.402182,0.777356,-0.468077,0.0223104,0.508336,0.749521,0.418362,0.00180961,0.189306,0.330316,0.924683,-0.00391087,0.254339,0.96012,-0.116009,-0.00488953,
1.1,0.00762439,0.949327,-0.0544572,0.998541,-0.0311524,-0.0399981,-0.0159056,0.994733,1.16488e-05,-0.0978491,0.000737771,0.737249,-0.122344,0.66354,0.0329566,0.422271,0.821554,-0.377301,0.0232991,0.48892,0.738135,0.464426,0.00249904,0.189306,0.330316,0.924683,-0.00391087,0.254339,0.96012,-0.116009,-0.00488953,
1.2,0.0119169,0.947918,-0.0442826,0.998257,-0.0256697,-0.0496567,-0.0154678,0.990506,-0.00206043,-0.132958,0.00222198,0.742336,-0.129622,0.6561,0.0388109,0.437593,0.840891,-0.30969,0.0227668,0.484512,0.727559,0.485127,0.00413859,0.189306,0.330316,0.924683,-0.00391087,0.254339,0.96012,-0.116009,-0.00488953,
1.3,0.0130148,0.94618,-0.032993,0.997996,-0.024134,-0.0565735,-0.0133744,0.985796,-0.00203986,-0.166254,0.00318723,0.746499,-0.13804,0.649589,0.0399034,0.444603,0.854381,-0.26793,0.021244,0.483511,0.723063,0.493085,0.00524763,0.189306,0.330316,0.924683,-0.00391087,0.254339,0.96012,-0.116009,-0.00488953,
1.4,0.00772377,0.943784,-0.0194733,0.997781,-0.0304926,-0.0580067,-0.0079698,0.980119,0.00216601,-0.195927,0.0031146,0.748815,-0.14874,0.644935,0.0314722,0.434989,0.856179,-0.277872,0.0177406,0.489325,0.730728,0.475557,0.00529565,0.189306,0.330316,0.924683,-0.00391087,0.254339,0.96012,-0.116009,-0.00488953,
1.5,0.00577551,0.942887,-0.0089091,0.997716,-0.0333587,-0.0582503,-0.00359009,0.975589,0.00789284,-0.21931,0.00197158,0.751659,-0.155263,0.640535,0.023739,0.424334,0.858119,-0.288454,0.012496,0.49248,0.739433,0.458816,0.00526302,0.189306,0.330316,0.924683,-0.00391087,0.254339,0.96012,-0.116009,-0.00488953,
1.6,0.015527,0.947234,-0.00868957,0.998174,-0.0240011,-0.0543303,-0.00279738,0.975075,0.0189431,-0.220683,-0.00291778,0.756353,-0.147166,0.637019,0.018449,0.410038,0.860553,-0.30128,0.0011568,0.486328,0.751775,0.444832,0.00494815,0.189306,0.330316,0.924683,-0.00391087,0.254339,0.96012,-0.116009,-0.00488953,
1.7,0.0259443,0.951404,-0.00855844,0.998517,-0.0148012,-0.0519869,-0.00219731,0.975184,0.0282712,-0.219125,-0.00725658,0.759861,-0.139718,0.634735,0.0129511,0.398168,0.863225,-0.309958,-0.00894819,0.479715,0.763021,0.433148,0.00441111,0.189306,0.330316,0.924683,-0.00391087,0.254339,0.96012,-0.116009,-0.00488953,
1.8,0.0416882,0.95416,-0.00913455,0.997937,-0.00686387,-0.0622565,-0.00313822,0.980282,0.0238225,-0.19412,-0.00719092,0.753885,-0.137462,0.642309,0.00579039,0.40571,0.867801,-0.285453,-0.00917998,0.46941,0.765494,0.439873,0.00209664,0.189306,0.330316,0.924683,-0.00391087,0.254339,0.96012,-0.116009,-0.00488953,
1.9,0.057432,0.956916,-0.00971066,0.997358,0.00107349,-0.0725261,-0.00407914,0.98538,0.0193738,-0.169114,-0.00712526,0.747909,-0.135205,0.649884,-0.00137034,0.413252,0.872377,-0.260947,-0.00941177,0.459106,0.767967,0.446597,-0.000217824,0.189306,0.330316,0.924683,-0.00391087,0.254339,0.96012,-0.116009,-0.00488953,
2,0.0577645,0.958575,-0.00826755,0.997153,0.00610855,-0.0750135,-0.00467924,0.986283,0.021406,-0.16362,0.00404233,0.740892,-0.126862,0.659474,-0.00888666,0.406077,0.874299,-0.265751,-0.00884184,0.458763,0.766438,0.449532,-0.00549489,0.189306,0.330316,0.924683,-0.00391087,0.254339,0.96012,-0.116009,-0.00488953,
2.1,0.057867,0.958448,-0.00722431,0.997195,0.00353078,-0.0734241,-0.0114494,0.986003,0.0219916,-0.165229,0.00277456,0.739653,-0.126181,0.660942,-0.0115576,0.395397,0.871672,-0.287943,-0.0129393,0.45779,0.769219,0.445717,-0.00613557,0.189306,0.330316,0.924683,-0.00391087,0.254339,0.96012,-0.116009,-0.00488953,
2.2,0.0579695,0.958321,-0.00618108,0.997237,0.000953014,-0.0718347,-0.0182195,0.985723,0.0225772,-0.166839,0.00150678,0.738414,-0.125501,0.66241,-0.0142286,0.384717,0.869045,-0.310135,-0.0170369,0.456817,0.772001,0.441901,-0.00677625,0.189306,0.330316,0.924683,-0.00391087,0.254339,0.96012,-0.116009,-0.00488953,
2.3,0.0575631,0.959922,-0.00741794,0.996858,0.00213625,-0.076678,-0.0181626,0.983373,0.0249212,-0.17909,0.000586575,0.737015,-0.124361,0.664203,-0.0127094,0.371879,0.853764,-0.358409,-0.0150546,0.456186,0.77082,0.444553,-0.00836984,0.189306,0.330316,0.924683,-0.00391087,0.254339,0.96012,-0.116009,-0.00488953,
2.4,0.0570112,0.962015,-0.00930625,0.996358,0.00439407,-0.0833593,-0.0161551,0.980431,0.0277677,-0.194383,-0.000234328,0.735569,-0.123089,0.66609,-0.00999307,0.358424,0.834869,-0.414136,-0.0113354,0.455652,0.768508,0.449053,-0.0102357,0.189306,0.330316,0.924683,-0.00391087,0.254339,0.96012,-0.116009,-0.00488953,
2.5,0.0535399,0.963745,-0.0106481,0.99642,0.00316243,-0.0831014,-0.0129847,0.979114,0.0282812,-0.201319,0.000625005,0.73342,-0.12631,0.667855,-0.00690798,0.345545,0.808175,-0.472127,-0.00503143,0.444791,0.774313,0.449467,-0.00755178,0.189306,0.330316,0.924683,-0.00391087,0.254339,0.96012,-0.116009,-0.00488953,
2.6,0.0477331,0.965183,-0.0115528,0.996934,-0.000860759,-0.0772921,-0.00888397,0.979096,0.0269283,-0.201572,0.00282853,0.730708,-0.133124,0.669523,-0.00352788,0.333125,0.775242,-0.53193,0.00334028,0.425669,0.786611,0.446612,-0.0012281,0.189306,0.330316,0.924683,-0.00391087,0.254339,0.96012,-0.116009,-0.00488953,
2.7,0.0428149,0.965792,-0.0131603,0.997148,-0.00710286,-0.0743435,-0.00643902,0.978287,0.0247418,-0.205506,0.00412187,0.728467,-0.136897,0.671229,0.00133976,0.315417,0.735297,-0.595197,0.0111386,0.408813,0.801444,0.43557,0.00388518,0.189306,0.330316,0.924683,-0.00391087,0.254339,0.96012,-0.116009,-0.00488953,
2.8,0.0396739,0.964739,-0.0161737,0.996764,-0.0177828,-0.0771164,-0.00730559,0.975895,0.0208879,-0.216805,0.00359485,0.727167,-0.134588,0.673011,0.00918251,0.287131,0.681326,-0.665389,0.0177903,0.396492,0.821348,0.408155,0.00657765,0.189306,0.330316,0.924683,-0.00391087,0.254339,0.96012,-0.116009,-0.00488953,
2.9,0.036973,0.964123,-0.0194295,0.996485,-0.0274138,-0.0786263,-0.00818071,0.973576,0.0167847,-0.227677,0.00300607,0.726099,-0.131808,0.674632,0.016345,0.261158,0.625412,-0.733649,0.0234562,0.385306,0.840999,0.379058,0.00846693,0.189306,0.330316,0.924683,-0.00391087,0.254339,0.96012,-0.116009,-0.00488953,
3,0.0377922,0.966997,-0.0246246,0.997044,-0.0286542,-0.0700318,-0.0091242,0.971838,0.0106865,-0.235144,0.0019232,0.726877,-0.125262,0.674963,0.0180657,0.253691,0.553949,-0.786453,0.0212357,0.383203,0.858633,0.33651,0.00393064,0.189306,0.330316,0.924683,-0.00391087,0.254339,0.96012,-0.116009,-0.00488953,
3.1,0.0386114,0.969871,-0.0298196,0.997603,-0.0298945,-0.0614374,-0.0100677,0.970101,0.00458823,-0.242611,0.000840328,0.727655,-0.118716,0.675294,0.0197863,0.246223,0.482486,-0.839258,0.0190152,0.3811,0.876268,0.293962,-0.000605649,0.189306,0.330316,0.924683,-0.00391087,0.254339,0.96012,-0.116009,-0.00488953,
3.2,0.0372642,0.973354,-0.0306146,0.997789,-0.021601,-0.0608108,-0.0118869,0.968704,0.00387214,-0.248117,0.000888356,0.726407,-0.119107,0.676196,0.0282264,0.242791,0.42787,-0.868125,0.0159809,0.363989,0.887339,0.281961,0.00102735,0.189306,0.330316,0.924683,-0.00391087,0.254339,0.96012,-0.116009,-0.00488953,
3.3,0.0356463,0.976912,-0.0308596,0.997928,-0.0121158,-0.0611803,-0.0138156,0.96735,0.00382882,-0.253378,0.00107775,0.724906,-0.120366,0.67717,0.0375064,0.239863,0.375359,-0.894,0.0128449,0.345002,0.89759,0.273777,0.00343151,0.189306,0.330316,0.924683,-0.00391087,0.254339,0.96012,-0.116009,-0.00488953,
3.4,0.0276129,0.97967,-0.0291276,0.998374,-0.00622088,-0.0536737,-0.0131408,0.96733,-0.00514357,-0.253055,-0.00089559,0.723509,-0.113062,0.679768,0.0388267,0.23666,0.338749,-0.910027,0.00911465,0.328771,0.905705,0.266972,0.00397738,0.189306,0.330316,0.924683,-0.00391087,0.254339,0.96012,-0.116009,-0.00488953,
3.5,0.0163719,0.982027,-0.0264071,0.998973,-0.00212115,-0.0422291,-0.0111641,0.967979,-0.0185805,-0.249941,-0.00395029,0.722163,-0.101477,0.683178,0.0361672,0.233318,0.31009,-0.92113,0.00508724,0.313916,0.91275,0.260855,0.00359411,0.189306,0.330316,0.924683,-0.00391087,0.254339,0.96012,-0.116009,-0.00488953,
3.6,0.0076618,0.983381,-0.0222811,0.99928,0.000880165,-0.0364803,-0.0101887,0.968482,-0.02358,-0.24785,-0.00571953,0.720777,-0.0917858,0.686288,0.0309583,0.234107,0.284724,-0.929334,-0.00111698,0.307943,0.915172,0.259937,0.0023464,0.189306,0.330316,0.924683,-0.00391087,0.254339,0.96012,-0.116009,-0.00488953,
3.7,0.00211545,0.983478,-0.016398,0.999223,0.00250846,-0.0378514,-0.0104649,0.968802,-0.0180326,-0.247039,-0.00588194,0.719342,-0.0844622,0.689024,0.0225627,0.24006,0.263474,-0.933912,-0.0100422,0.313071,0.911814,0.265515,1.81339e-05,0.189306,0.330316,0.924683,-0.00391087,0.254339,0.96012,-0.116009,-0.00488953,
3.8,-0.000966353,0.982699,-0.0126647,0.999207,0.00251506,-0.0380071,-0.0105661,0.970428,-0.0157316,-0.23991,-0.00542624,0.717301,-0.0734908,0.692508,0.0151059,0.243698,0.247206,-0.937663,-0.0166405,0.317826,0.910245,0.264951,-0.00252246,0.189306,0.330316,0.924683,-0.00391087,0.254339,0.96012,-0.116009,-0.00488953,
3.9,0.00457777,0.978853,-0.0164558,0.999339,-0.00315429,-0.0339089,-0.0100546,0.976625,-0.0247929,-0.210666,-0.00280712,0.713137,-0.0497519,0.698616,0.0109345,0.239234,0.248376,-0.938519,-0.0150944,0.321275,0.914934,0.242889,-0.0058062,0.189306,0.330316,0.924683,-0.00391087,0.254339,0.96012,-0.116009,-0.00488953,
4,0.0101219,0.975007,-0.0202469,0.999471,-0.00882364,-0.0298106,-0.00954307,0.982822,-0.0338542,-0.181422,-0.000188006,0.708974,-0.026013,0.704723,0.0067632,0.23477,0.249546,-0.939376,-0.0135484,0.324725,0.919623,0.220826,-0.00908995,0.189306,0.330316,0.924683,-0.00391087,0.254339,0.96012,-0.116009,-0.00488953,
4.1,0.0108033,0.975426,-0.0201581,0.999709,-0.0208533,-0.0120437,0.00136025,0.981108,-0.0379565,-0.189699,-0.000222637,0.712828,-0.0314033,0.700617,0.00518921,0.23477,0.249546,-0.939376,-0.0135484,0.324725,0.919623,0.220826,-0.00908995,0.220828,0.324122,0.919877,0.00270728,0.280242,0.953889,-0.107495,-0.00236984,
4.2,0.0115959,0.972132,-0.0191902,0.999577,-0.0267885,-0.00510942,0.00278284,0.982695,-0.0379445,-0.181058,0.00125753,0.714512,-0.0299528,0.698923,-0.00255237,0.23477,0.249546,-0.939376,-0.0135484,0.324725,0.919623,0.220826,-0.00908995,0.219378,0.318258,0.922244,0.00121399,0.295491,0.947246,-0.121908,-0.00307244,
4.3,0.0123885,0.968838,-0.0182222,0.999444,-0.0327237,0.00182486,0.00420544,0.984281,-0.0379326,-0.172417,0.00273769,0.716197,-0.0285024,0.697229,-0.010294,0.23477,0.249546,-0.939376,-0.0135484,0.324725,0.919623,0.220826,-0.00908995,0.217928,0.312395,0.924612,-0.000279306,0.31074,0.940604,-0.13632,-0.00377504,
4.4,0.0118846,0.965409,-0.0215525,0.999374,-0.032337,0.0103663,0.00129119,0.986169,-0.0330588,-0.161892,0.00228002,0.71359,-0.0173278,0.700161,-0.00617081,0.23477,0.249546,-0.939376,-0.0135484,0.324725,0.919623,0.220826,-0.00908995,0.216541,0.320704,0.922017,-0.00314331,0.326646,0.933346,-0.147272,0.000212808,
4.5,0.0112186,0.961963,-0.0254201,0.999311,-0.03116,0.0191087,-0.00216517,0.988096,-0.0275774,-0.151133,0.00158013,0.710447,-0.00493775,0.703671,-0.000564581,0.23477,0.249546,-0.939376,-0.0135484,0.324725,0.919623,0.220826,-0.00908995,0.215162,0.330784,0.918802,-0.00617865,0.342633,0.926011,-0.157791,0.00478696,
4.6,0.0115782,0.958264,-0.0270316,0.99927,-0.026959,0.0256276,-0.000233351,0.99058,-0.0269561,-0.132494,0.00259661,0.704741,0.010619,0.70913,0.000265647,0.23477,0.249546,-0.939376,-0.0135484,0.324725,0.919623,0.220826,-0.00908995,0.214819,0.372092,0.901259,-0.00385218,0.363839,0.91658,-0.163611,0.00809285,
4.7,0.0122308,0.954494,-0.0279985,0.999237,-0.0218941,0.0315113,0.00323794,0.993224,-0.0277236,-0.111605,0.00410348,0.698303,0.0270805,0.715145,-0.000268698,0.23477,0.249546,-0.939376,-0.0135484,0.324725,0.919623,0.220826,-0.00908995,0.214772,0.422323,0.879622,6.21976e-06,0.386537,0.906549,-0.168089,0.0110364,
4.8,0.0143698,0.954662,-0.0282975,0.998536,-0.0229029,0.0452668,0.00559229,0.993967,-0.0250058,-0.106592,0.0025651,0.695887,0.0471685,0.716254,0.00290031,0.23477,0.249546,-0.939376,-0.0135484,0.324725,0.919623,0.220826,-0.00908995,0.2302,0.478442,0.844028,-0.0046054,0.404294,0.897634,-0.174175,0.0110962,
4.9,0.017252,0.9568,-0.0282625,0.997501,-0.0269486,0.0629582,0.00738816,0.993758,-0.0205455,-0.109517,-0.000495908,0.695482,0.0690697,0.71491,0.00792099,0.23477,0.249546,-0.939376,-0.0135484,0.324725,0.919623,0.220826,-0.00908995,0.253366,0.537505,0.801455,-0.013452,0.419581,0.889276,-0.181064,0.00971409,
5,0.0144652,0.95535,-0.0294797,0.997123,-0.0249209,0.0703164,0.0108873,0.994116,-0.0184646,-0.106422,-0.00289629,0.692204,0.0898073,0.715779,0.00815027,0.23477,0.249546,-0.939376,-0.0135484,0.324725,0.919623,0.220826,-0.00908995,0.270353,0.601713,0.746167,-0.0122662,0.419306,0.881793,-0.210694,0.00474155,
5.1,0.00714324,0.951031,-0.0316986,0.99727,-0.0180346,0.069408,0.0157492,0.994927,-0.0182872,-0.0985122,-0.00476816,0.686627,0.109614,0.718418,0.00454644,0.23477,0.249546,-0.939376,-0.0135484,0.324725,0.919623,0.220826,-0.00908995,0.282397,0.670036,0.680705,-0.00305433,0.406582,0.87501,-0.258515,-0.00310335,
5.2,0.00205028,0.943834,-0.0299791,0.997684,-0.00969849,0.0638348,0.016449,0.994827,-0.0144664,-0.0995787,-0.00388785,0.68048,0.126149,0.721702,0.00044008,0.23477,0.249546,-0.939376,-0.0135484,0.324725,0.919623,0.220826,-0.00908995,0.2935,0.721058,0.625913,0.00773391,0.399452,0.868712,-0.292409,-0.00697538,
5.3,-0.000256374,0.933039,-0.0233368,0.998431,0.000449874,0.0524305,0.0119463,0.993588,-0.00609111,-0.111866,0.000432689,0.67362,0.138595,0.725794,-0.00429442,0.23477,0.249546,-0.939376,-0.0135484,0.324725,0.919623,0.220826,-0.00908995,0.30343,0.750453,0.584459,0.0204926,0.399315,0.863019,-0.308895,-0.00588134,
5.4,-0.00294541,0.924564,-0.020001,0.998521,0.00803979,0.0508817,0.00519749,0.992919,0.00211887,-0.118479,0.00154067,0.668916,0.146942,0.728624,-0.00806206,0.23477,0.249546,-0.939376,-0.0135484,0.324725,0.919623,0.220826,-0.00908995,0.310257,0.774682,0.549925,0.0286733,0.395489,0.86159,-0.317964,-0.00506927,
5.5,-0.0063992,0.92073,-0.0232784,0.997299,0.0105128,0.0690437,-0.00604369,0.993394,0.00999827,-0.113744,-0.00377646,0.668521,0.147094,0.728931,-0.00989597,0.23477,0.249546,-0.939376,-0.0135484,0.324725,0.919623,0.220826,-0.00908995,0.31088,0.788576,0.529234,0.0276978,0.384284,0.868687,-0.312199,-0.00482113,
5.6,-0.00917927,0.918019,-0.0255806,0.996421,0.0132986,0.0821441,-0.0121941,0.994278,0.0183681,-0.102143,-0.00785708,0.66846,0.14585,0.729217,-0.00984644,0.23477,0.249546,-0.939376,-0.0135484,0.324725,0.919623,0.220826,-0.00908995,0.311042,0.800275,0.512001,0.024023,0.372946,0.876163,-0.305088,-0.00468991,
5.7,-0.0096013,0.919239,-0.0244697,0.996748,0.017179,0.0775293,-0.000527019,0.996601,0.0284544,-0.0665097,-0.00760991,0.669564,0.139724,0.729425,-0.00320487,0.23477,0.249546,-0.939376,-0.0135484,0.324725,0.919623,0.220826,-0.00908995,0.309588,0.804288,0.506874,0.0109003,0.361138,0.884966,-0.293263,-0.00496786,
5.8,-0.009993,0.920113,-0.0233507,0.99705,0.0177514,0.0730178,0.00935541,0.998656,0.0362572,-0.0357499,-0.00663984,0.670907,0.136313,0.728838,0.00216469,0.23477,0.249546,-0.939376,-0.0135484,0.324725,0.919623,0.220826,-0.00908995,0.306795,0.808992,0.501323,-0.00103633,0.349363,0.893252,-0.282815,-0.00524896,
5.9,-0.0101421,0.918213,-0.0221661,0.997156,-0.00814009,0.0693334,0.00496039,0.998575,0.0257922,-0.0439802,0.000113512,0.674159,0.154614,0.721896,-0.00264187,0.23477,0.249546,-0.939376,-0.0135484,0.324725,0.919623,0.220826,-0.00908995,0.293284,0.81922,0.492379,-0.00348416,0.337855,0.89741,-0.283392,-0.00555518,
6,-0.0102912,0.916313,-0.0209815,0.997262,-0.0340316,0.065649,0.000565368,0.998495,0.0153272,-0.0522105,0.00686686,0.677411,0.172915,0.714954,-0.00744843,0.23477,0.249546,-0.939376,-0.0135484,0.324725,0.919623,0.220826,-0.00908995,0.279772,0.829447,0.483435,-0.00593198,0.326347,0.901568,-0.283969,-0.0058614,
6.1,-0.00987406,0.915929,-0.0213072,0.997306,-0.0458984,0.0572023,0.00114219,0.997438,0.0114281,-0.0706068,-0.00117513,0.675363,0.177305,0.715849,0.00288774,0.23477,0.249546,-0.939376,-0.0135484,0.324725,0.919623,0.220826,-0.00908995,0.274892,0.839354,0.468948,-0.00255399,0.313259,0.910339,-0.270461,-0.00197021,
6.2,-0.00987406,0.915929,-0.0213072,0.997306,-0.0458984,0.0572023,0.00114219,0.997438,0.0114281,-0.0706068,-0.00117513,0.675363,0.177305,0.715849,0.00288774,0.23477,0.249546,-0.939376,-0.0135484,0.324725,0.919623,0.220826,-0.00908995,0.274892,0.839354,0.468948,-0.00255399,0.313259,0.910339,-0.270461,-0.00197021,
6.3,-0.00987406,0.915929,-0.0213072,0.997306,-0.0458984,0.0572023,0.00114219,0.997438,0.0114281,-0.0706068,-0.00117513,0.675363,0.177305,0.715849,0.00288774,0.23477,0.249546,-0.939376,-0.0135484,0.324725,0.919623,0.220826,-0.00908995,0.274892,0.839354,0.468948,-0.00255399,0.313259,0.910339,-0.270461,-0.00197021,
6.4,-0.00987406,0.915929,-0.0213072,0.997306,-0.0458984,0.0572023,0.00114219,0.997438,0.0114281,-0.0706068,-0.00117513,0.675363,0.177305,0.715849,0.00288774,0.23477,0.249546,-0.939376,-0.0135484,0.324725,0.919623,0.220826,-0.00908995,0.274892,0.839354,0.468948,-0.00255399,0.313259,0.910339,-0.270461,-0.00197021,
6.5,-0.00987406,0.915929,-0.0213072,0.997306,-0.0458984,0.0572023,0.00114219,0.997438,0.0114281,-0.0706068,-0.00117513,0.675363,0.177305,0.715849,0.00288774,0.23477,0.249546,-0.939376,-0.0135484,0.324725,0.919623,0.220826,-0.00908995,0.274892,0.839354,0.468948,-0.00255399,0.313259,0.910339,-0.270461,-0.00197021,
6.6,-0.00987406,0.915929,-0.0213072,0.997306,-0.0458984,0.0572023,0.00114219,0.997438,0.0114281,-0.0706068,-0.00117513,0.675363,0.177305,0.715849,0.00288774,0.23477,0.249546,-0.939376,-0.0135484,0.324725,0.919623,0.220826,-0.00908995,0.274892,0.839354,0.468948,-0.00255399,0.313259,0.910339,-0.270461,-0.00197021,
6.7,-0.00987406,0.915929,-0.0213072,0.997306,-0.0458984,0.0572023,0.00114219,0.997438,0.0114281,-0.0706068,-0.00117513,0.675363,0.177305,0.715849,0.00288774,0.23477,0.249546,-0.939376,-0.0135484,0.324725,0.919623,0.220826,-0.00908995,0.274892,0.839354,0.468948,-0.00255399,0.313259,0.910339,-0.270461,-0.00197021,
6.8,-0.00987406,0.915929,-0.0213072,0.997306,-0.0458984,0.0572023,0.00114219,0.997438,0.0114281,-0.0706068,-0.00117513,0.675363,0.177305,0.715849,0.00288774,0.23477,0.249546,-0.939376,-0.0135484,0.324725,0.919623,0.220826,-0.00908995,0.274892,0.839354,0.468948,-0.00255399,0.313259,0.910339,-0.270461,-0.00197021,
6.9,-0.00987406,0.915929,-0.0213072,0.997306,-0.0458984,0.0572023,0.00114219,0.997438,0.0114281,-0.0706068,-0.00117513,0.675363,0.177305,0.715849,0.00288774,0.23477,0.249546,-0.939376,-0.0135484,0.324725,0.919623,0.220826,-0.00908995,0.274892,0.839354,0.468948,-0.00255399,0.313259,0.910339,-0.270461,-0.00197021,
7,-0.00987406,0.915929,-0.0213072,0.997306,-0.0458984,0.0572023,0.00114219,0.997438,0.0114281,-0.0706068,-0.00117513,0.675363,0.177305,0.715849,0.00288774,0.23477,0.249546,-0.939376,-0.0135484,0.324725,0.919623,0.220826,-0.00908995,0.274892,0.839354,0.468948,-0.00255399,0.313259,0.910339,-0.270461,-0.00197021,
7.1,-0.00987406,0.915929,-0.0213072,0.997306,-0.0458984,0.0572023,0.00114219,0.997438,0.0114281,-0.0706068,-0.00117513,0.675363,0.177305,0.715849,0.00288774,0.23477,0.249546,-0.939376,-0.0135484,0.324725,0.919623,0.220826,-0.00908995,0.274892,0.839354,0.468948,-0.00255399,0.313259,0.910339,-0.270461,-0.00197021,
7.2,-0.00987406,0.915929,-0.0213072,0.997306,-0.0458984,0.0572023,0.00114219,0.997438,0.0114281,-0.0706068,-0.00117513,0.675363,0.177305,0.715849,0.00288774,0.23477,0.249546,-0.939376,-0.0135484,0.324725,0.919623,0.220826,-0.00908995,0.274892,0.839354,0.468948,-0.00255399,0.313259,0.910339,-0.270461,-0.00197021,
7.3,-0.00987406,0.915929,-0.0213072,0.997306,-0.0458984,0.0572023,0.00114219,0.997438,0.0114281,-0.0706068,-0.00117513,0.675363,0.177305,0.715849,0.00288774,0.23477,0.249546,-0.939376,-0.0135484,0.324725,0.919623,0.220826,-0.00908995,0.274892,0.839354,0.468948,-0.00255399,0.313259,0.910339,-0.270461,-0.00197021,
7.4,-0.00987406,0.915929,-0.0213072,0.997306,-0.0458984,0.0572023,0.00114219,0.997438,0.0114281,-0.0706068,-0.00117513,0.675363,0.177305,0.715849,0.00288774,0.23477,0.249546,-0.939376,-0.0135484,0.324725,0.919623,0.220826,-0.00908995,0.274892,0.839354,0.468948,-0.00255399,0.313259,0.910339,-0.270461,-0.00197021,
7.5,-0.00987406,0.915929,-0.0213072,0.997306,-0.0458984,0.0572023,0.00114219,0.997438,0.0114281,-0.0706068,-0.00117513,0.675363,0.177305,0.715849,0.00288774,0.23477,0.249546,-0.939376,-0.0135484,0.324725,0.919623,0.220826,-0.00908995,0.274892,0.839354,0.468948,-0.00255399,0.313259,0.910339,-0.270461,-0.00197021,
7.6,-0.00987406,0.915929,-0.0213072,0.997306,-0.0458984,0.0572023,0.00114219,0.997438,0.0114281,-0.0706068,-0.00117513,0.675363,0.177305,0.715849,0.00288774,0.23477,0.249546,-0.939376,-0.0135484,0.324725,0.919623,0.220826,-0.00908995,0.274892,0.839354,0.468948,-0.00255399,0.313259,0.910339,-0.270461,-0.00197021,
7.7,-0.00987406,0.915929,-0.0213072,0.997306,-0.0458984,0.0572023,0.00114219,0.997438,0.0114281,-0.0706068,-0.00117513,0.675363,0.177305,0.715849,0.00288774,0.23477,0.249546,-0.939376,-0.0135484,0.324725,0.919623,0.220826,-0.00908995,0.274892,0.839354,0.468948,-0.00255399,0.313259,0.910339,-0.270461,-0.00197021,
7.8,-0.00987406,0.915929,-0.0213072,0.997306,-0.0458984,0.0572023,0.00114219,0.997438,0.0114281,-0.0706068,-0.00117513,0.675363,0.177305,0.715849,0.00288774,0.23477,0.249546,-0.939376,-0.0135484,0.324725,0.919623,0.220826,-0.00908995,0.274892,0.839354,0.468948,-0.00255399,0.313259,0.910339,-0.270461,-0.00197021,
7.9,-0.00987406,0.915929,-0.0213072,0.997306,-0.0458984,0.0572023,0.00114219,0.997438,0.0114281,-0.0706068,-0.00117513,0.675363,0.177305,0.715849,0.00288774,0.23477,0.249546,-0.939376,-0.0135484,0.324725,0.919623,0.220826,-0.00908995,0.274892,0.839354,0.468948,-0.00255399,0.313259,0.910339,-0.270461,-0.00197021,
8,-0.00987406,0.915929,-0.0213072,0.997306,-0.0458984,0.0572023,0.00114219,0.997438,0.0114281,-0.0706068,-0.00117513,0.675363,0.177305,0.715849,0.00288774,0.23477,0.249546,-0.939376,-0.0135484,0.324725,0.919623,0.220826,-0.00908995,0.274892,0.839354,0.468948,-0.00255399,0.313259,0.910339,-0.270461,-0.00197021,
8.1,-0.00987406,0.915929,-0.0213072,0.997306,-0.0458984,0.0572023,0.00114219,0.997438,0.0114281,-0.0706068,-0.00117513,0.675363,0.177305,0.715849,0.00288774,0.23477,0.249546,-0.939376,-0.0135484,0.324725,0.919623,0.220826,-0.00908995,0.274892,0.839354,0.468948,-0.00255399,0.313259,0.910339,-0.270461,-0.00197021,
8.2,-0.00987406,0.915929,-0.0213072,0.997306,-0.0458984,0.0572023,0.00114219,0.997438,0.0114281,-0.0706068,-0.00117513,0.675363,0.177305,0.715849,0.00288774,0.23477,0.249546,-0.939376,-0.0135484,0.324725,0.919623,0.220826,-0.00908995,0.274892,0.839354,0.468948,-0.00255399,0.313259,0.910339,-0.270461,-0.00197021,
8.3,-0.0108749,0.917887,-0.0205207,0.996934,-0.0454852,0.0633366,0.000817112,0.99767,0.0097299,-0.0674113,0.000132499,0.675643,0.180728,0.714677,-0.00389326,0.23477,0.249546,-0.939376,-0.0135484,0.324725,0.919623,0.220826,-0.00908995,0.269686,0.838634,0.473179,-0.00357027,0.323403,0.900102,-0.290753,-0.000966156,
8.4,-0.0118757,0.919844,-0.0197342,0.996561,-0.0450721,0.0694708,0.000492035,0.997901,0.00803172,-0.0642159,0.00144013,0.675923,0.184152,0.713505,-0.0106743,0.23477,0.249546,-0.939376,-0.0135484,0.324725,0.919623,0.220826,-0.00908995,0.26448,0.837914,0.477409,-0.00458655,0.333547,0.889865,-0.311045,3.78993e-05,
8.5,-0.0140489,0.92157,-0.020169,0.995611,-0.0509583,0.0776049,-0.0021451,0.998545,-0.000211058,-0.0506453,0.00317892,0.671281,0.196616,0.714384,-0.0121592,0.23477,0.249546,-0.939376,-0.0135484,0.324725,0.919623,0.220826,-0.00908995,0.272815,0.824178,0.495478,-0.00324505,0.360319,0.867108,-0.340214,0.00148104,
8.6,-0.0163686,0.923268,-0.0207565,0.994589,-0.0576319,0.0859891,-0.00507125,0.99924,-0.00927192,-0.0357778,0.0049716,0.666023,0.21021,0.715519,-0.0129822,0.23477,0.249546,-0.939376,-0.0135484,0.324725,0.919623,0.220826,-0.00908995,0.282843,0.808815,0.515276,-0.00160882,0.38917,0.842787,-0.370492,0.00297907,
8.7,-0.0190853,0.918925,-0.018427,0.995057,-0.0585642,0.0790751,-0.000582849,0.999488,-0.0142512,-0.0246247,0.0086344,0.662265,0.221076,0.715726,-0.0121566,0.23477,0.249546,-0.939376,-0.0135484,0.324725,0.919623,0.220826,-0.00908995,0.284925,0.809369,0.513397,0.00420947,0.417554,0.811274,-0.405134,0.00409464,
8.8,-0.0219155,0.912857,-0.0152641,0.995951,-0.0578562,0.0677903,0.00602399,0.999609,-0.0180643,-0.0145329,0.0128315,0.658937,0.231162,0.715668,-0.01086,0.23477,0.249546,-0.939376,-0.0135484,0.324725,0.919623,0.220826,-0.00908995,0.284738,0.814471,0.505324,0.0112226,0.445804,0.777706,-0.441023,0.00510093,
8.9,-0.0264,0.908779,-0.0162715,0.99588,-0.0563315,0.0700503,0.00777077,0.999236,-0.0189776,-0.0248808,0.0102555,0.660264,0.249277,0.707947,-0.00373832,0.23477,0.249546,-0.939376,-0.0135484,0.324725,0.919623,0.220826,-0.00908995,0.301118,0.833825,0.455992,0.0125836,0.460414,0.743264,-0.482164,0.00344526,
9,-0.0317116,0.905696,-0.019364,0.995325,-0.0543985,0.0790828,0.00708753,0.998617,-0.0184409,-0.0454487,0.00429293,0.66392,0.271406,0.696393,0.00629586,0.23477,0.249546,-0.939376,-0.0135484,0.324725,0.919623,0.220826,-0.00908995,0.325783,0.860305,0.386031,0.0111184,0.468204,0.708386,-0.52593,0.000458613,
9.1,-0.0295833,0.904997,-0.015546,0.995504,-0.0524158,0.0774172,0.0102161,0.997459,-0.00315896,-0.0644547,0.00082954,0.661521,0.286972,0.692681,0.00707754,0.23477,0.249546,-0.939376,-0.0135484,0.324725,0.919623,0.220826,-0.00908995,0.335583,0.887259,0.302741,0.0138649,0.460506,0.675151,-0.573315,-0.00114594,
9.2,-0.0215031,0.906205,-0.00619956,0.996268,-0.0503933,0.067193,0.016394,0.995871,0.0239193,-0.0822114,-0.000634499,0.654279,0.297287,0.69524,0.000457222,0.23477,0.249546,-0.939376,-0.0135484,0.324725,0.919623,0.220826,-0.00908995,0.333493,0.914593,0.20879,0.0199808,0.440419,0.64323,-0.623594,-0.00164481,
9.3,-0.00728059,0.910569,-0.00387221,0.996544,-0.0438759,0.0665872,0.0179346,0.994245,0.0462516,-0.0953599,-0.0014169,0.651716,0.308165,0.69288,-0.00572453,0.23477,0.249546,-0.939376,-0.0135484,0.324725,0.919623,0.220826,-0.00908995,0.327772,0.93341,0.136675,0.0295517,0.42778,0.619825,-0.657683,-0.00148847,
9.4,0.0146197,0.918879,-0.0103187,0.996211,-0.0317397,0.0780042,0.0136785,0.992573,0.0626516,-0.102748,-0.00134727,0.655004,0.319744,0.684372,-0.0113581,0.23477,0.249546,-0.939376,-0.0135484,0.324725,0.919623,0.220826,-0.00908995,0.317513,0.941581,0.0918575,0.0434413,0.424451,0.607063,-0.671537,-0.000513086,
9.5,0.0293062,0.9259,-0.0159815,0.996359,-0.0176819,0.0809024,0.00972208,0.990177,0.0789745,-0.113784,-0.0016104,0.658622,0.321435,0.680041,-0.0150446,0.23477,0.249546,-0.939376,-0.0135484,0.324725,0.919623,0.220826,-0.00908995,0.315184,0.945944,0.0498203,0.0488138,0.420153,0.600649,-0.680175,-0.000844592,
9.6,0.0295652,0.93034,-0.0200767,0.997472,0.000218889,0.0667631,0.00636505,0.986332,0.0951434,-0.132114,-0.00253909,0.662903,0.303349,0.684064,-0.014837,0.23477,0.249546,-0.939376,-0.0135484,0.324725,0.919623,0.220826,-0.00908995,0.328716,0.942691,0.0133446,0.0371517,0.413917,0.606929,-0.678382,-0.00378987,
9.7,0.0294176,0.934947,-0.0217905,0.998255,0.0173661,0.0553501,0.00480947,0.982569,0.110263,-0.149207,-0.00269612,0.668442,0.282506,0.687561,-0.0141168,0.23477,0.249546,-0.939376,-0.0135484,0.324725,0.919623,0.220826,-0.00908995,0.342089,0.938867,-0.0207201,0.0241189,0.410076,0.610863,-0.677225,-0.0052945,
9.8,0.0278471,0.940135,-0.0151695,0.997885,0.0318756,0.0534796,0.00955897,0.979089,0.121708,-0.161966,-0.000152334,0.678385,0.252015,0.689217,-0.0116025,0.23477,0.249546,-0.939376,-0.0135484,0.324725,0.919623,0.220826,-0.00908995,0.354904,0.933049,-0.0463465,0.00628878,0.414618,0.606585,-0.678297,-0.00175685,
9.9,0.0262902,0.945434,-0.00967934,0.997575,0.0428431,0.0524579,0.0133659,0.976048,0.128637,-0.174785,0.00187603,0.688076,0.226509,0.689249,-0.0086495,0.23477,0.249546,-0.939376,-0.0135484,0.324725,0.919623,0.220826,-0.00908995,0.365706,0.927871,-0.0715292,-0.00894805,0.41833,0.603578,-0.678729,0.00121471,
10,0.0248415,0.951625,-0.013236,0.997738,0.0254744,0.0582269,0.00963181,0.97652,0.099438,-0.188076,-0.000218913,0.695758,0.240877,0.676289,-0.00218765,0.23477,0.249546,-0.939376,-0.0135484,0.324725,0.919623,0.220826,-0.00908995,0.360404,0.927811,-0.0931619,-0.0034382,0.415405,0.610742,-0.674047,-0.000342408,
10.1,0.0233927,0.957816,-0.0167926,0.9979,0.00810561,0.0639959,0.00589777,0.976992,0.0702385,-0.201366,-0.00231386,0.703439,0.255245,0.663329,0.00427419,0.23477,0.249546,-0.939376,-0.0135484,0.324725,0.919623,0.220826,-0.00908995,0.355102,0.92775,-0.114795,0.00207165,0.41248,0.617906,-0.669364,-0.00189952,
10.2,0.0225119,0.95812,-0.0171801,0.997422,0.00253058,0.071661,0.00263489,0.980479,0.0750505,-0.181689,-0.00422939,0.702098,0.258324,0.66357,0.00145251,0.23477,0.249546,-0.939376,-0.0135484,0.324725,0.919623,0.220826,-0.00908995,0.35364,0.923386,-0.149293,0.00272551,0.380795,0.638282,-0.669023,-0.000772863,
10.3,0.0225119,0.95812,-0.0171801,0.997422,0.00253058,0.071661,0.00263489,0.980479,0.0750505,-0.181689,-0.00422939,0.702098,0.258324,0.66357,0.00145251,0.23477,0.249546,-0.939376,-0.0135484,0.324725,0.919623,0.220826,-0.00908995,0.35364,0.923386,-0.149293,0.00272551,0.380795,0.638282,-0.669023,-0.000772863,
10.4,0.0225119,0.95812,-0.0171801,0.997422,0.00253058,0.071661,0.00263489,0.980479,0.0750505,-0.181689,-0.00422939,0.702098,0.258324,0.66357,0.00145251,0.23477,0.249546,-0.939376,-0.0135484,0.324725,0.919623,0.220826,-0.00908995,0.35364,0.923386,-0.149293,0.00272551,0.380795,0.638282,-0.669023,-0.000772863,
10.5,0.0225119,0.95812,-0.0171801,0.997422,0.00253058,0.071661,0.00263489,0.980479,0.0750505,-0.181689,-0.00422939,0.702098,0.258324,0.66357,0.00145251,0.23477,0.249546,-0.939376,-0.0135484,0.324725,0.919623,0.220826,-0.00908995,0.35364,0.923386,-0.149293,0.00272551,0.380795,0.638282,-0.669023,-0.000772863,
10.6,0.0225119,0.95812,-0.0171801,0.997422,0.00253058,0.071661,0.00263489,0.980479,0.0750505,-0.181689,-0.00422939,0.702098,0.258324,0.66357,0.00145251,0.23477,0.249546,-0.939376,-0.0135484,0.324725,0.919623,0.220826,-0.00908995,0.35364,0.923386,-0.149293,0.00272551,0.380795,0.638282,-0.669023,-0.000772863,
10.7,0.0225119,0.95812,-0.0171801,0.997422,0.00253058,0.071661,0.00263489,0.980479,0.0750505,-0.181689,-0.00422939,0.702098,0.258324,0.66357,0.00145251,0.23477,0.249546,-0.939376,-0.0135484,0.324725,0.919623,0.220826,-0.00908995,0.35364,0.923386,-0.149293,0.00272551,0.380795,0.638282,-0.669023,-0.000772863,
10.8,0.0225119,0.95812,-0.0171801,0.997422,0.00253058,0.071661,0.00263489,0.980479,0.0750505,-0.181689,-0.00422939,0.702098,0.258324,0.66357,0.00145251,0.23477,0.249546,-0.939376,-0.0135484,0.324725,0.919623,0.220826,-0.00908995,0.35364,0.923386,-0.149293,0.00272551,0.380795,0.638282,-0.669023,-0.000772863,
10.9,0.0225119,0.95812,-0.0171801,0.997422,0.00253058,0.071661,0.00263489,0.980479,0.0750505,-0.181689,-0.00422939,0.702098,0.258324,0.66357,0.00145251,0.23477,0.249546,-0.939376,-0.0135484,0.324725,0.919623,0.220826,-0.00908995,0.35364,0.923386,-0.149293,0.00272551,0.380795,0.638282,-0.669023,-0.000772863,
11,0.0225119,0.95812,-0.0171801,0.997422,0.00253058,0.071661,0.00263489,0.980479,0.0750505,-0.181689,-0.00422939,0.702098,0.258324,0.66357,0.00145251,0.23477,0.249546,-0.939376,-0.0135484,0.324725,0.919623,0.220826,-0.00908995,0.35364,0.923386,-0.149293,0.00272551,0.380795,0.638282,-0.669023,-0.000772863,
11.1,0.0225119,0.95812,-0.0171801,0.997422,0.00253058,0.071661,0.00263489,0.980479,0.0750505,-0.181689,-0.00422939,0.702098,0.258324,0.66357,0.00145251,0.23477,0.249546,-0.939376,-0.0135484,0.324725,0.919623,0.220826,-0.00908995,0.35364,0.923386,-0.149293,0.00272551,0.380795,0.638282,-0.669023,-0.000772863,
11.2,0.0225119,0.95812,-0.0171801,0.997422,0.00253058,0.071661,0.00263489,0.980479,0.0750505,-0.181689,-0.00422939,0.702098,0.258324,0.66357,0.00145251,0.23477,0.249546,-0.939376,-0.0135484,0.324725,0.919623,0.220826,-0.00908995,0.35364,0.923386,-0.149293,0.00272551,0.380795,0.638282,-0.669023,-0.000772863,
11.3,0.0225119,0.95812,-0.0171801,0.997422,0.00253058,0.071661,0.00263489,0.980479,0.0750505,-0.181689,-0.00422939,0.702098,0.258324,0.66357,0.00145251,0.23477,0.249546,-0.939376,-0.0135484,0.324725,0.919623,0.220826,-0.00908995,0.35364,0.923386,-0.149293,0.00272551,0.380795,0.638282,-0.669023,-0.000772863,
11.4,0.0225119,0.95812,-0.0171801,0.997422,0.00253058,0.071661,0.00263489,0.980479,0.0750505,-0.181689,-0.00422939,0.702098,0.258324,0.66357,0.00145251,0.23477,0.249546,-0.939376,-0.0135484,0.324725,0.919623,0.220826,-0.00908995,0.35364,0.923386,-0.149293,0.00272551,0.380795,0.638282,-0.669023,-0.000772863,
11.5,0.0225119,0.95812,-0.0171801,0.997422,0.00253058,0.071661,0.00263489,0.980479,0.0750505,-0.181689,-0.00422939,0.702098,0.258324,0.66357,0.00145251,0.23477,0.249546,-0.939376,-0.0135484,0.324725,0.919623,0.220826,-0.00908995,0.35364,0.923386,-0.149293,0.00272551,0.380795,0.638282,-0.669023,-0.000772863,
11.6,0.0225119,0.95812,-0.0171801,0.997422,0.00253058,0.071661,0.00263489,0.980479,0.0750505,-0.181689,-0.00422939,0.702098,0.258324,0.66357,0.00145251,0.23477,0.249546,-0.939376,-0.0135484,0.324725,0.919623,0.220826,-0.00908995,0.35364,0.923386,-0.149293,0.00272551,0.380795,0.638282,-0.669023,-0.000772863,
11.7,0.0225119,0.95812,-0.0171801,0.997422,0.00253058,0.071661,0.00263489,0.980479,0.0750505,-0.181689,-0.00422939,0.702098,0.258324,0.66357,0.00145251,0.23477,0.249546,-0.939376,-0.0135484,0.324725,0.919623,0.220826,-0.00908995,0.35364,0.923386,-0.149293,0.00272551,0.380795,0.638282,-0.669023,-0.000772863,
11.8,0.0225119,0.95812,-0.0171801,0.997422,0.00253058,0.071661,0.00263489,0.980479,0.0750505,-0.181689,-0.00422939,0.702098,0.258324,0.66357,0.00145251,0.23477,0.249546,-0.939376,-0.0135484,0.324725,0.919623,0.220826,-0.00908995,0.35364,0.923386,-0.149293,0.00272551,0.380795,0.638282,-0.669023,-0.000772863,
11.9,0.0225119,0.95812,-0.0171801,0.997422,0.00253058,0.071661,0.00263489,0.980479,0.0750505,-0.181689,-0.00422939,0.702098,0.258324,0.66357,0.00145251,0.23477,0.249546,-0.939376,-0.0135484,0.324725,0.919623,0.220826,-0.00908995,0.35364,0.923386,-0.149293,0.00272551,0.380795,0.638282,-0.669023,-0.000772863,
12,0.0225119,0.95812,-0.0171801,0.997422,0.00253058,0.071661,0.00263489,0.980479,0.0750505,-0.181689,-0.00422939,0.702098,0.258324,0.66357,0.00145251,0.23477,0.249546,-0.939376,-0.0135484,0.324725,0.919623,0.220826,-0.00908995,0.35364,0.923386,-0.149293,0.00272551,0.380795,0.638282,-0.669023,-0.000772863,
12.1,0.0225119,0.95812,-0.0171801,0.997422,0.00253058,0.071661,0.00263489,0.980479,0.0750505,-0.181689,-0.00422939,0.702098,0.258324,0.66357,0.00145251,0.23477,0.249546,-0.939376,-0.0135484,0.324725,0.919623,0.220826,-0.00908995,0.35364,0.923386,-0.149293,0.00272551,0.380795,0.638282,-0.669023,-0.000772863,
12.2,0.0225119,0.95812,-0.0171801,0.997422,0.00253058,0.071661,0.00263489,0.980479,0.0750505,-0.181689,-0.00422939,0.702098,0.258324,0.66357,0.00145251,0.23477,0.249546,-0.939376,-0.0135484,0.324725,0.919623,0.220826,-0.00908995,0.35364,0.923386,-0.149293,0.00272551,0.380795,0.638282,-0.669023,-0.000772863,
12.3,0.027219,0.95861,-0.0154321,0.997502,-0.00527012,0.0698458,0.000614842,0.980658,0.0632841,-0.18467,-0.00462287,0.701085,0.262078,0.663137,-0.00251954,0.23477,0.249546,-0.939376,-0.0135484,0.324725,0.919623,0.220826,-0.00908995,0.337178,0.931391,-0.134685,0.00338606,0.38276,0.626238,-0.678979,0.00100063,
12.4,0.0319261,0.959101,-0.013684,0.997581,-0.0130708,0.0680306,-0.0014052,0.980838,0.0515177,-0.187651,-0.00501635,0.700072,0.265833,0.662704,-0.00649159,0.23477,0.249546,-0.939376,-0.0135484,0.324725,0.919623,0.220826,-0.00908995,0.320715,0.939395,-0.120076,0.00404661,0.384726,0.614195,-0.688935,0.00277412,
12.5,0.03661,0.955745,-0.012424,0.997194,-0.0179495,0.0722352,-0.00225635,0.981697,0.0366598,-0.186057,-0.00231718,0.695154,0.285775,0.658995,-0.00853153,0.23477,0.249546,-0.939376,-0.0135484,0.324725,0.919623,0.220826,-0.00908995,0.326681,0.939701,-0.0962727,0.00233707,0.398533,0.592845,-0.699002,0.0011979,
12.6,0.0412874,0.95129,-0.0113035,0.996674,-0.0219933,0.0781599,-0.00277353,0.982752,0.0209187,-0.183157,0.00126561,0.689121,0.310343,0.65435,-0.0100194,0.23477,0.249546,-0.939376,-0.0135484,0.324725,0.919623,0.220826,-0.00908995,0.339056,0.937807,-0.0698422,-4.96275e-05,0.415724,0.568836,-0.7091,-0.00133538,
12.7,0.0459685,0.947992,-0.00783037,0.996962,-0.0177829,0.0739382,0.000291906,0.981673,0.010879,-0.189514,0.0062719,0.685919,0.32788,0.649363,-0.0128378,0.23477,0.249546,-0.939376,-0.0135484,0.324725,0.919623,0.220826,-0.00908995,0.35298,0.933353,-0.0626207,0.00142644,0.434667,0.542897,-0.717763,-0.00286023,
12.8,0.0506527,0.94562,-0.00247526,0.997899,-0.00696923,0.0615994,0.00622344,0.978887,0.0054005,-0.203279,0.012417,0.684982,0.339794,0.644102,-0.0167205,0.23477,0.249546,-0.939376,-0.0135484,0.324725,0.919623,0.220826,-0.00908995,0.368144,0.926851,-0.0707661,0.00599272,0.455012,0.515416,-0.725277,-0.00357833,
12.9,0.0623049,0.94709,0.00340624,0.998547,0.00547862,0.0504988,0.0109165,0.973926,0.00244592,-0.224414,0.0142635,0.682476,0.357241,0.63693,-0.0163897,0.23477,0.249546,-0.939376,-0.0135484,0.324725,0.919623,0.220826,-0.00908995,0.38272,0.917969,-0.0937582,0.00943722,0.467187,0.488554,-0.736461,-0.00530909,
13,0.0878932,0.956243,0.0103405,0.998618,0.0211948,0.0418748,0.0131327,0.964617,0.0045392,-0.260289,0.00751273,0.676832,0.385756,0.625936,-0.00763185,0.23477,0.249546,-0.939376,-0.0135484,0.324725,0.919623,0.220826,-0.00908995,0.39612,0.904326,-0.146444,0.0106381,0.463022,0.462931,-0.754984,-0.00906515,
13.1,0.11171,0.965609,0.0177442,0.998693,0.0350428,0.0314072,0.0156157,0.954075,0.0102364,-0.297765,0.00135532,0.670768,0.417931,0.611641,-0.000263087,0.23477,0.249546,-0.939376,-0.0135484,0.324725,0.919623,0.220826,-0.00908995,0.406472,0.891122,-0.199405,0.0117455,0.457012,0.43907,-0.773318,-0.0115803,
13.2,0.121353,0.976683,0.028903,0.998793,0.0339453,0.00619202,0.0202338,0.933674,0.0447646,-0.34805,-5.55154e-05,0.661338,0.479391,0.570932,-0.00400679,0.23477,0.249546,-0.939376,-0.0135484,0.324725,0.919623,0.220826,-0.00908995,0.392444,0.881428,-0.254576,0.0121042,0.436238,0.429315,-0.790127,-0.00416814,
13.3,0.130995,0.987756,0.0400618,0.998893,0.0328477,-0.0190232,0.0248518,0.913273,0.0792928,-0.398336,-0.00146636,0.651908,0.540851,0.530224,-0.00775049,0.23477,0.249546,-0.939376,-0.0135484,0.324725,0.919623,0.220826,-0.00908995,0.378417,0.871734,-0.309746,0.0124629,0.415463,0.41956,-0.806937,0.00324401,
13.4,0.116375,0.98496,0.0341004,0.997134,0.0538771,0.0101699,0.0221625,0.897271,0.0817605,-0.432132,-0.00160316,0.651211,0.617102,0.408922,-0.0130682,0.23477,0.249546,-0.939376,-0.0135484,0.324725,0.919623,0.220826,-0.00908995,0.380026,0.850762,-0.357529,0.0236626,0.418793,0.402544,-0.813692,0.00162983,
13.5,0.0987224,0.980431,0.025999,0.995142,0.0776724,0.046164,0.0185599,0.881819,0.0802205,-0.463866,-0.00158071,0.651606,0.695202,0.277547,-0.0185826,0.23477,0.249546,-0.939376,-0.0135484,0.324725,0.919623,0.220826,-0.00908995,0.38359,0.828379,-0.404389,0.0362173,0.425136,0.384621,-0.819191,-0.00111264,
13.6,0.0885458,0.978382,0.024867,0.993957,0.0919088,0.0573628,0.0109314,0.877087,0.0695731,-0.475002,-0.00273646,0.644196,0.734621,0.206828,-0.017315,0.23477,0.249546,-0.939376,-0.0135484,0.324725,0.919623,0.220826,-0.00908995,0.383465,0.815692,-0.43078,0.0411083,0.429134,0.377492,-0.820548,-0.0044452,
13.7,0.0821073,0.977573,0.0272197,0.993176,0.101366,0.0561639,0.00128991,0.877715,0.054372,-0.475839,-0.00448131,0.632885,0.754701,0.166438,-0.0126563,0.23477,0.249546,-0.939376,-0.0135484,0.324725,0.919623,0.220826,-0.00908995,0.381497,0.807852,-0.446938,0.0421673,0.431959,0.37576,-0.819834,-0.00807279,
13.8,0.0780228,0.978462,0.0265978,0.992233,0.108057,0.0605832,-0.00301887,0.874735,0.0479807,-0.481956,-0.00727015,0.623934,0.769775,0.131887,-0.00803287,0.23477,0.249546,-0.939376,-0.0135484,0.324725,0.919623,0.220826,-0.00908995,0.380127,0.804186,-0.455326,0.0341695,0.430541,0.375408,-0.820716,-0.0088044,
13.9,0.0768807,0.981474,0.0222578,0.99109,0.11129,0.0720252,-0.000661801,0.867245,0.0526017,-0.494674,-0.011364,0.617935,0.778595,0.104634,-0.00345339,0.23477,0.249546,-0.939376,-0.0135484,0.324725,0.919623,0.220826,-0.00908995,0.379504,0.805739,-0.454001,0.0148509,0.423819,0.37678,-0.823594,-0.00591603,
14,0.0784777,0.986562,0.0184989,0.990636,0.111881,0.0771175,8.85913e-05,0.861784,0.0498649,-0.504259,-0.0141489,0.614082,0.784368,0.0868379,0.00108537,0.23477,0.249546,-0.939376,-0.0135484,0.324725,0.919623,0.220826,-0.00908995,0.377912,0.806239,-0.455077,-0.00114199,0.420446,0.378404,-0.824603,-0.00404792,
14.1,0.0896617,0.998916,0.0167741,0.992593,0.103221,0.0599854,-0.00478439,0.863427,0.0213756,-0.502874,-0.0123524,0.617736,0.779477,0.102138,0.00548158,0.23477,0.249546,-0.939376,-0.0135484,0.324725,0.919623,0.220826,-0.00908995,0.372927,0.803059,-0.46456,-0.005495,0.428794,0.380911,-0.81907,-0.00575074,
14.2,0.100846,1.01127,0.0150493,0.994549,0.0945609,0.0428534,-0.00965738,0.86507,-0.0071137,-0.50149,-0.010556,0.62139,0.774587,0.117439,0.00987779,0.23477,0.249546,-0.939376,-0.0135484,0.324725,0.919623,0.220826,-0.00908995,0.367941,0.799879,-0.474042,-0.00984801,0.437143,0.383418,-0.813536,-0.00745356,
14.3,0.103936,1.01072,0.0151143,0.99191,0.106397,0.06924,0.00059066,0.860483,0.00505632,-0.509428,0.0051562,0.615807,0.779474,0.114902,-0.000454367,0.23477,0.249546,-0.939376,-0.0135484,0.324725,0.919623,0.220826,-0.00908995,0.354504,0.8028,-0.479379,0.00585119,0.418544,0.402828,-0.813972,-0.00075145,
14.4,0.102289,1.01203,0.0144278,0.993418,0.0979851,0.0566469,0.00126726,0.865598,-0.00502761,-0.500349,0.00841613,0.611253,0.774149,0.156952,-0.00168327,0.23477,0.249546,-0.939376,-0.0135484,0.324725,0.919623,0.220826,-0.00908995,0.329756,0.827934,-0.450447,0.00951874,0.421878,0.389274,-0.818654,-0.000859246,
14.5,0.100641,1.01334,0.0137413,0.994926,0.0895734,0.0440539,0.00194387,0.870713,-0.0151115,-0.49127,0.0116761,0.6067,0.768825,0.199002,-0.00291217,0.23477,0.249546,-0.939376,-0.0135484,0.324725,0.919623,0.220826,-0.00908995,0.305007,0.853069,-0.421514,0.0131863,0.425213,0.375721,-0.823336,-0.000967041,
14.6,0.104031,1.01336,0.0131658,0.995712,0.0857084,0.0242514,-2.14305e-05,0.878343,-0.0222013,-0.47691,0.011312,0.619599,0.742189,0.245908,-0.00360147,0.23477,0.249546,-0.939376,-0.0135484,0.324725,0.919623,0.220826,-0.00908995,0.286532,0.879515,-0.373399,0.0100426,0.415101,0.379476,-0.826556,-0.000959956,
14.7,0.109941,1.01273,0.0126459,0.996137,0.0841168,0.000844141,-0.00330768,0.887231,-0.0277939,-0.45991,0.00913606,0.641224,0.704896,0.295241,-0.00402097,0.23477,0.249546,-0.939376,-0.0135484,0.324725,0.919623,0.220826,-0.00908995,0.271194,0.906617,-0.315693,0.00349335,0.398267,0.391886,-0.829044,-0.000895431,
14.8,0.115405,1.00889,0.0134621,0.995986,0.0815917,-0.0250845,-0.00212992,0.894998,-0.0371514,-0.444063,0.00842673,0.663844,0.655954,0.349732,-0.00555515,0.23477,0.249546,-0.939376,-0.0135484,0.324725,0.919623,0.220826,-0.00908995,0.261295,0.930387,-0.235376,-0.000582756,0.389034,0.409097,-0.824979,-0.00110798,
14.9,0.11998,0.998637,0.0169507,0.994681,0.0771999,-0.0560561,0.00797586,0.900524,-0.0540385,-0.430524,0.0106507,0.688452,0.583713,0.414538,-0.00931867,0.23477,0.249546,-0.939376,-0.0135484,0.324725,0.919623,0.220826,-0.00908995,0.262272,0.947493,-0.10984,0.000287473,0.395003,0.435907,-0.807808,-0.00187469,
15,0.124554,0.988386,0.0204392,0.993377,0.0728081,-0.0870277,0.0180816,0.90605,-0.0709257,-0.416985,0.0128747,0.71306,0.511472,0.479343,-0.0130822,0.23477,0.249546,-0.939376,-0.0135484,0.324725,0.919623,0.220826,-0.00908995,0.26325,0.964599,0.0156965,0.0011577,0.400972,0.462718,-0.790637,-0.0026414,
15.1,0.139767,0.968273,0.0205442,0.989732,0.0512655,-0.123358,0.00925649,0.920629,-0.077506,-0.379643,0.00514851,0.714311,0.458421,0.522713,-0.0104808,0.23477,0.249546,-0.939376,-0.0135484,0.324725,0.919623,0.220826,-0.00908995,0.258586,0.905333,0.224756,0.00183197,0.387591,0.504094,-0.769752,-0.0055478,
15.2,0.154981,0.94816,0.0206492,0.986086,0.029723,-0.159688,0.000431334,0.935207,-0.0840864,-0.342302,-0.00257769,0.715561,0.405371,0.566082,-0.00787944,0.23477,0.249546,-0.939376,-0.0135484,0.324725,0.919623,0.220826,-0.00908995,0.253921,0.846066,0.433816,0.00250623,0.37421,0.54547,-0.748867,-0.0084542,
15.3,0.147409,0.946795,0.0162851,0.984427,0.0200979,-0.174477,-0.00415429,0.953148,-0.0879397,-0.27561,-0.00494515,0.713638,0.372929,0.592209,-0.00532206,0.23477,0.249546,-0.939376,-0.0135484,0.324725,0.919623,0.220826,-0.00908995,0.243338,0.752302,0.586325,0.00174315,0.347009,0.609431,-0.705077,-0.00807402,
15.4,0.128446,0.954803,0.0096864,0.983761,0.0164316,-0.178495,-0.00662014,0.972769,-0.0904295,-0.194242,-0.00463324,0.710127,0.350792,0.609714,-0.00278669,0.23477,0.249546,-0.939376,-0.0135484,0.324725,0.919623,0.220826,-0.00908995,0.229796,0.641288,0.710559,0.000261385,0.312899,0.684684,-0.649834,-0.00605057,
15.5,0.106694,0.966739,0.00347694,0.984758,0.0205433,-0.169236,-0.00799452,0.987091,-0.090978,-0.111199,-0.00387426,0.706906,0.332247,0.624303,-0.000912287,0.23477,0.249546,-0.939376,-0.0135484,0.324725,0.919623,0.220826,-0.00908995,0.209635,0.52892,0.814833,0.000549676,0.280744,0.746338,-0.601709,-0.00427642,
15.6,0.0793632,0.986529,-0.00195409,0.989079,0.0402107,-0.133423,-0.00718596,0.990812,-0.0876439,-0.0248011,-0.0022211,0.704263,0.320886,0.633057,-0.000359827,0.23477,0.249546,-0.939376,-0.0135484,0.324725,0.919623,0.220826,-0.00908995,0.176234,0.413842,0.879188,0.00437807,0.252501,0.780793,-0.567817,-0.00300089,
15.7,0.0520329,1.00632,-0.00738512,0.993401,0.0598781,-0.0976092,-0.0063774,0.994534,-0.0843099,0.0615962,-0.000567954,0.701621,0.309526,0.641812,0.000192634,0.23477,0.249546,-0.939376,-0.0135484,0.324725,0.919623,0.220826,-0.00908995,0.142833,0.298763,0.943542,0.00820647,0.224258,0.815248,-0.533924,-0.00172535,
15.8,0.0425581,1.00688,-0.00404403,0.995777,0.0484826,-0.0693201,-0.00452439,0.993714,-0.0818439,0.074508,-0.00504505,0.691582,0.290316,0.660557,0.000798746,0.23477,0.249546,-0.939376,-0.0135484,0.324725,0.919623,0.220826,-0.00908995,0.148613,0.239932,0.956613,0.0162555,0.220511,0.81898,-0.529648,-0.00589805,
15.9,0.0330833,1.00744,-0.000702933,0.998152,0.0370872,-0.041031,-0.00267138,0.992893,-0.079378,0.0874198,-0.00952215,0.681543,0.271106,0.679302,0.00140486,0.23477,0.249546,-0.939376,-0.0135484,0.324725,0.919623,0.220826,-0.00908995,0.154393,0.1811,0.969684,0.0243046,0.216765,0.822711,-0.525373,-0.0100708,
16,0.0342841,1.00225,0.00175376,0.999186,0.0264106,-0.0184724,-0.00467498,0.993965,-0.0741881,0.0744841,-0.0132276,0.684249,0.250414,0.684361,0.00745231,0.23477,0.249546,-0.939376,-0.0135484,0.324725,0.919623,0.220826,-0.00908995,0.154791,0.14282,0.976844,0.0186392,0.226198,0.813731,-0.534549,-0.00636001,
16.1,0.0408225,0.994192,0.00376825,0.999549,0.0160935,0.00122093,-0.00860688,0.995982,-0.0676363,0.0486247,-0.0165472,0.693328,0.228981,0.682576,0.0162204,0.23477,0.249546,-0.939376,-0.0135484,0.324725,0.919623,0.220826,-0.00908995,0.152497,0.114817,0.981047,0.00611647,0.242222,0.798396,-0.550453,0.00129247,
16.2,0.0407668,0.989582,0.00485779,0.999799,0.0081748,0.0141626,-0.0112644,0.997151,-0.06497,0.0209041,-0.0188443,0.700225,0.211118,0.681599,0.0212356,0.23477,0.249546,-0.939376,-0.0135484,0.324725,0.919623,0.220826,-0.00908995,0.150141,0.0952056,0.984051,-0.00371366,0.254932,0.789706,-0.557887,0.00599263,
16.3,0.0275227,0.991876,0.0040974,0.999823,0.00505301,0.0136008,-0.0113731,0.996624,-0.0700744,-0.0105391,-0.0190962,0.702758,0.200394,0.68224,0.0187448,0.23477,0.249546,-0.939376,-0.0135484,0.324725,0.919623,0.220826,-0.00908995,0.14766,0.0923793,0.984657,-0.00815864,0.261016,0.794306,-0.548385,0.00478817,
16.4,0.0142786,0.99417,0.00333701,0.999847,0.00193122,0.013039,-0.0114818,0.996098,-0.0751788,-0.0419822,-0.0193481,0.705291,0.18967,0.682881,0.0162539,0.23477,0.249546,-0.939376,-0.0135484,0.324725,0.919623,0.220826,-0.00908995,0.145179,0.089553,0.985264,-0.0126036,0.267101,0.798906,-0.538882,0.00358371,
16.5,0.0140632,0.996133,0.00575793,0.999688,0.00190024,0.0239805,-0.00669313,0.995412,-0.0824484,-0.0485006,-0.00239408,0.705536,0.2023,0.679184,-0.00181683,0.226731,0.260195,-0.938526,-0.00779068,0.331197,0.913105,0.237797,0.000950384,0.145179,0.089553,0.985264,-0.0126036,0.267101,0.798906,-0.538882,0.00358371,
16.6,0.0141674,0.997164,0.00521578,0.999629,0.00579009,0.0240194,-0.00986201,0.995373,-0.0822595,-0.0495904,-0.00205864,0.705585,0.194859,0.681247,-0.00137787,0.227171,0.253392,-0.940228,-0.00933166,0.328599,0.915661,0.231327,-0.000457714,0.145179,0.089553,0.985264,-0.0126036,0.267101,0.798906,-0.538882,0.00358371,
16.7,0.0142716,0.998194,0.00467363,0.99957,0.00967995,0.0240583,-0.0130309,0.995335,-0.0820706,-0.0506803,-0.0017232,0.705634,0.187418,0.683311,-0.000938911,0.227612,0.24659,-0.941931,-0.0108726,0.326001,0.918216,0.224857,-0.00186581,0.145179,0.089553,0.985264,-0.0126036,0.267101,0.798906,-0.538882,0.00358371,
16.8,0.0140322,1.00005,0.00246196,0.999623,0.00876772,0.0218176,-0.0131509,0.995598,-0.0807624,-0.0470887,-0.00150988,0.706935,0.181263,0.683626,-0.00152878,0.229434,0.239557,-0.9433,-0.00784198,0.326106,0.918638,0.222986,-0.00457936,0.145179,0.089553,0.985264,-0.0126036,0.267101,0.798906,-0.538882,0.00358371,
16.9,0.0136211,1.00232,-0.000584467,0.999733,0.00545444,0.018437,-0.0117464,0.99601,-0.0788946,-0.0411565,-0.00135763,0.708862,0.17575,0.683067,-0.00263305,0.231946,0.232409,-0.944502,-0.00252549,0.327562,0.917992,0.223415,-0.00794564,0.145179,0.089553,0.985264,-0.0126036,0.267101,0.798906,-0.538882,0.00358371,
17,0.0133447,1.00445,-0.00338444,0.999806,0.00420945,0.0160199,-0.0103074,0.996401,-0.0769283,-0.0344984,0.000941512,0.710927,0.170994,0.682142,-0.00214067,0.238248,0.22584,-0.944496,0.00202323,0.326699,0.918626,0.221944,-0.00837084,0.145179,0.089553,0.985264,-0.0126036,0.267101,0.798906,-0.538882,0.00358371,
17.1,0.013338,1.00629,-0.0056915,0.999808,0.00710103,0.01553,-0.00879935,0.996747,-0.0747649,-0.0263888,0.00753442,0.713268,0.167748,0.680488,0.00154505,0.252129,0.220426,-0.942073,0.00503642,0.321197,0.921817,0.216671,-0.00291389,0.145179,0.089553,0.985264,-0.0126036,0.267101,0.798906,-0.538882,0.00358371,
17.2,0.0133313,1.00814,-0.00799857,0.99981,0.00999262,0.01504,-0.00729131,0.997093,-0.0726015,-0.0182791,0.0141273,0.71561,0.164503,0.678833,0.00523077,0.266011,0.215012,-0.93965,0.00804961,0.315695,0.925008,0.211399,0.00254306,0.145179,0.089553,0.985264,-0.0126036,0.267101,0.798906,-0.538882,0.00358371,
17.3,0.0133828,1.01131,-0.0128281,0.999848,0.000829351,0.00524231,-0.00577512,0.996918,-0.0745729,-0.0208431,0.0117408,0.717544,0.141443,0.681456,0.0041612,0.267112,0.214149,-0.939452,0.0134073,0.313132,0.92842,0.19941,0.000640444,0.145179,0.089553,0.985264,-0.0126036,0.267101,0.798906,-0.538882,0.00358371,
17.4,0.0134344,1.01448,-0.0176577,0.999885,-0.00833392,-0.00455536,-0.00425893,0.996742,-0.0765442,-0.023407,0.00935418,0.719478,0.118382,0.68408,0.00309162,0.268212,0.213286,-0.939254,0.0187649,0.310568,0.931831,0.18742,-0.00126217,0.145179,0.089553,0.985264,-0.0126036,0.267101,0.798906,-0.538882,0.00358371,
17.5,0.0176155,1.01609,-0.0224431,0.99982,-0.00690637,0.000901208,-0.00687425,0.996678,-0.0730143,-0.0323048,0.00601038,0.722064,0.100386,0.684208,0.00788973,0.266243,0.229711,-0.935492,0.0213159,0.310437,0.935634,0.16543,-0.00368475,0.145179,0.089553,0.985264,-0.0126036,0.267101,0.798906,-0.538882,0.00358371,
17.6,0.0238613,1.01692,-0.0272065,0.999703,-0.000183405,0.0139849,-0.0115553,0.99667,-0.0667338,-0.0443696,0.00218797,0.724976,0.0849209,0.683089,0.0156217,0.26274,0.25478,-0.929948,0.0224636,0.311522,0.939634,0.138439,-0.0063673,0.145179,0.089553,0.985264,-0.0126036,0.267101,0.798906,-0.538882,0.00358371,
17.7,0.0267496,1.01863,-0.0280361,0.999628,0.00364063,0.0228747,-0.0142823,0.995799,-0.0584075,-0.0638591,0.00013049,0.727809,0.0742701,0.681327,0.0230118,0.259478,0.272383,-0.926286,0.020257,0.310141,0.942671,0.122745,-0.00718323,0.145179,0.089553,0.985264,-0.0126036,0.267101,0.798906,-0.538882,0.00358371,
17.8,0.0229227,1.02209,-0.0209982,0.999636,0.0016668,0.0233767,-0.0131011,0.993202,-0.0459898,-0.098198,0.00160287,0.730483,0.0732475,0.67828,0.029718,0.256701,0.275055,-0.926388,0.0113419,0.303829,0.943786,0.129646,-0.00426594,0.145179,0.089553,0.985264,-0.0126036,0.267101,0.798906,-0.538882,0.00358371,
17.9,0.0190958,1.02554,-0.0139603,0.999644,-0.000307028,0.0238787,-0.01192,0.990605,-0.0335721,-0.132537,0.00307525,0.733156,0.0722249,0.675232,0.0364243,0.253924,0.277727,-0.92649,0.00242678,0.297516,0.944901,0.136547,-0.00134865,0.145179,0.089553,0.985264,-0.0126036,0.267101,0.798906,-0.538882,0.00358371,
18,0.0133002,1.02125,-0.00779049,0.999559,-0.0014534,0.0277997,-0.00815248,0.988116,-0.0403836,-0.147045,0.00452658,0.73229,0.0676395,0.676902,0.0298359,0.246598,0.302831,-0.920059,6.26551e-05,0.290501,0.9471,0.136137,0.00053575,0.145179,0.089553,0.985264,-0.0126036,0.267101,0.798906,-0.538882,0.00358371,
18.1,0.00750458,1.01695,-0.00162067,0.999473,-0.00259977,0.0317206,-0.00438499,0.985627,-0.0471951,-0.161553,0.00597792,0.731423,0.063054,0.678571,0.0232475,0.239272,0.327935,-0.913627,-0.00230147,0.283485,0.9493,0.135727,0.00242015,0.145179,0.089553,0.985264,-0.0126036,0.267101,0.798906,-0.538882,0.00358371,
18.2,0.000119284,1.01275,-5.14253e-06,0.999576,-0.000788622,0.0203026,-0.00407883,0.983783,-0.0444496,-0.173141,0.00312671,0.731112,0.05525,0.679686,0.0181231,0.249949,0.34804,-0.902985,-0.00597966,0.280272,0.950417,0.134696,0.00173522,0.145179,0.089553,0.985264,-0.0126036,0.267101,0.798906,-0.538882,0.00358371,
18.3,-0.00806085,1.0086,-0.000666753,0.999771,0.00250129,0.00121493,-0.00550334,0.982262,-0.0369256,-0.183269,-0.00187576,0.731079,0.0458368,0.680524,0.0137308,0.269627,0.365647,-0.890236,-0.0103149,0.278961,0.950994,0.133355,-0.000234374,0.145179,0.089553,0.985264,-0.0126036,0.267101,0.798906,-0.538882,0.00358371,
18.4,-0.0145392,1.00564,-0.00318382,0.999891,0.00280644,-0.0115691,-0.00716067,0.982016,-0.0349716,-0.184866,-0.00508961,0.729161,0.0414027,0.682969,0.00929995,0.280329,0.386302,-0.878323,-0.0119371,0.278194,0.951572,0.130743,-0.00224174,0.145179,0.089553,0.985264,-0.0126036,0.267101,0.798906,-0.538882,0.00358371,
18.5,-0.0176139,1.00507,-0.0094118,0.999859,-0.00285797,-0.0117459,-0.00928368,0.984324,-0.0441576,-0.169399,-0.00472622,0.723474,0.046927,0.688627,0.00479209,0.273079,0.413054,-0.868081,-0.00813355,0.278517,0.952153,0.125589,-0.00432466,0.145179,0.089553,0.985264,-0.0126036,0.267101,0.798906,-0.538882,0.00358371,
18.6,-0.0206887,1.00449,-0.0156398,0.999828,-0.00852237,-0.0119227,-0.0114067,0.986631,-0.0533437,-0.153932,-0.00436282,0.717786,0.0524513,0.694285,0.000284235,0.265829,0.439806,-0.857839,-0.00432996,0.278839,0.952735,0.120435,-0.00640757,0.145179,0.089553,0.985264,-0.0126036,0.267101,0.798906,-0.538882,0.00358371,
